C-A10-0;C-RGRP86-0;F-RGR-BRPNOM;F-RGR-BRPEINW;F-RGR-BRPERW;F-RGR-VERVJ;F-RGR-VERKVJ
A10-2000;AT111;572,0;15000,0;0,0;0,0;0,0
A10-2000;AT112;2600,0;18900,0;0,0;0,0;0,0
A10-2000;AT113;1728,0;17200,0;0,0;0,0;0,0
A10-2000;AT121;4558,0;19400,0;0,0;0,0;0,0
A10-2000;AT122;4827,0;19400,0;0,0;0,0;0,0
A10-2000;AT123;3783,0;27000,0;0,0;0,0;0,0
A10-2000;AT124;4101,0;17400,0;0,0;0,0;0,0
A10-2000;AT125;1722,0;13300,0;0,0;0,0;0,0
A10-2000;AT126;5097,0;19900,0;0,0;0,0;0,0
A10-2000;AT127;9553,0;32700,0;0,0;0,0;0,0
A10-2000;AT130;56460,0;36400,0;0,0;0,0;0,0
A10-2000;AT211;7292,0;27300,0;0,0;0,0;0,0
A10-2000;AT212;2402,0;18200,0;0,0;0,0;0,0
A10-2000;AT213;2828,0;17500,0;0,0;0,0;0,0
A10-2000;AT221;11963,0;33600,0;0,0;0,0;0,0
A10-2000;AT222;1761,0;21700,0;0,0;0,0;0,0
A10-2000;AT223;3791,0;20100,0;0,0;0,0;0,0
A10-2000;AT224;4422,0;17100,0;0,0;0,0;0,0
A10-2000;AT225;3328,0;17800,0;0,0;0,0;0,0
A10-2000;AT226;2169,0;19500,0;0,0;0,0;0,0
A10-2000;AT311;5097,0;18800,0;0,0;0,0;0,0
A10-2000;AT312;17996,0;34200,0;0,0;0,0;0,0
A10-2000;AT313;2861,0;14500,0;0,0;0,0;0,0
A10-2000;AT314;3716,0;24200,0;0,0;0,0;0,0
A10-2000;AT315;5318,0;23800,0;0,0;0,0;0,0
A10-2000;AT321;423,0;19400,0;0,0;0,0;0,0
A10-2000;AT322;3739,0;23200,0;0,0;0,0;0,0
A10-2000;AT323;10795,0;32600,0;0,0;0,0;0,0
A10-2000;AT331;817,0;25400,0;0,0;0,0;0,0
A10-2000;AT332;8046,0;29400,0;0,0;0,0;0,0
A10-2000;AT333;910,0;17500,0;0,0;0,0;0,0
A10-2000;AT334;2247,0;24400,0;0,0;0,0;0,0
A10-2000;AT335;5784,0;26300,0;0,0;0,0;0,0
A10-2000;AT341;2181,0;25400,0;0,0;0,0;0,0
A10-2000;AT342;7412,0;28200,0;0,0;0,0;0,0
A10-2000;ATZZZ;109,0;0,0;0,0;0,0;0,0
A10-2000;AT11;4900,0;17700,0;43400,0;0,0;0,0
A10-2000;AT12;33640,0;21900,0;50400,0;0,0;0,0
A10-2000;AT13;56460,0;36400,0;63800,0;0,0;0,0
A10-2000;AT21;12522,0;22400,0;49500,0;0,0;0,0
A10-2000;AT22;27434,0;23200,0;48600,0;0,0;0,0
A10-2000;AT31;34988,0;25500,0;52600,0;0,0;0,0
A10-2000;AT32;14957,0;29100,0;53100,0;0,0;0,0
A10-2000;AT33;17804,0;26600,0;51400,0;0,0;0,0
A10-2000;AT34;9594,0;27500,0;56400,0;0,0;0,0
A10-2000;ATZZ;109,0;0,0;64500,0;0,0;0,0
A10-2000;AT1;95000,0;28200,0;57100,0;0,0;0,0
A10-2000;AT2;39956,0;22900,0;48900,0;0,0;0,0
A10-2000;AT3;77343,0;26600,0;52800,0;0,0;0,0
A10-2000;ATZ;109,0;0,0;64500,0;0,0;0,0
A10-2001;AT111;611,0;16100,0;0,0;0,0;0,0
A10-2001;AT112;2660,0;19200,0;0,0;0,0;0,0
A10-2001;AT113;1761,0;17600,0;0,0;0,0;0,0
A10-2001;AT121;4699,0;20000,0;0,0;0,0;0,0
A10-2001;AT122;4946,0;19900,0;0,0;0,0;0,0
A10-2001;AT123;3864,0;27500,0;0,0;0,0;0,0
A10-2001;AT124;4177,0;17700,0;0,0;0,0;0,0
A10-2001;AT125;1734,0;13400,0;0,0;0,0;0,0
A10-2001;AT126;5259,0;20300,0;0,0;0,0;0,0
A10-2001;AT127;9258,0;31500,0;0,0;0,0;0,0
A10-2001;AT130;58318,0;37300,0;0,0;0,0;0,0
A10-2001;AT211;7487,0;28000,0;0,0;0,0;0,0
A10-2001;AT212;2431,0;18500,0;0,0;0,0;0,0
A10-2001;AT213;2929,0;18200,0;0,0;0,0;0,0
A10-2001;AT221;12327,0;34400,0;0,0;0,0;0,0
A10-2001;AT222;1787,0;21900,0;0,0;0,0;0,0
A10-2001;AT223;3963,0;21100,0;0,0;0,0;0,0
A10-2001;AT224;4605,0;17800,0;0,0;0,0;0,0
A10-2001;AT225;3460,0;18400,0;0,0;0,0;0,0
A10-2001;AT226;2233,0;20100,0;0,0;0,0;0,0
A10-2001;AT311;5288,0;19500,0;0,0;0,0;0,0
A10-2001;AT312;19166,0;36400,0;0,0;0,0;0,0
A10-2001;AT313;2893,0;14600,0;0,0;0,0;0,0
A10-2001;AT314;3985,0;25900,0;0,0;0,0;0,0
A10-2001;AT315;5513,0;24600,0;0,0;0,0;0,0
A10-2001;AT321;411,0;18800,0;0,0;0,0;0,0
A10-2001;AT322;3857,0;23800,0;0,0;0,0;0,0
A10-2001;AT323;11146,0;33600,0;0,0;0,0;0,0
A10-2001;AT331;912,0;28100,0;0,0;0,0;0,0
A10-2001;AT332;8350,0;30500,0;0,0;0,0;0,0
A10-2001;AT333;963,0;18500,0;0,0;0,0;0,0
A10-2001;AT334;2335,0;25200,0;0,0;0,0;0,0
A10-2001;AT335;6052,0;27300,0;0,0;0,0;0,0
A10-2001;AT341;2323,0;26900,0;0,0;0,0;0,0
A10-2001;AT342;7561,0;28500,0;0,0;0,0;0,0
A10-2001;ATZZZ;110,0;0,0;0,0;0,0;0,0
A10-2001;AT11;5032,0;18200,0;44900,0;0,9;0,8
A10-2001;AT12;33936,0;22000,0;50700,0;-1,2;-1,5
A10-2001;AT13;58318,0;37300,0;65100,0;1,5;0,8
A10-2001;AT21;12846,0;23000,0;50600,0;0,9;0,9
A10-2001;AT22;28375,0;23900,0;49900,0;1,5;1,3
A10-2001;AT31;36846,0;26800,0;54800,0;3,2;2,9
A10-2001;AT32;15414,0;29900,0;54700,0;1,1;0,7
A10-2001;AT33;18613,0;27600,0;53300,0;2,4;1,8
A10-2001;AT34;9884,0;28100,0;57300,0;1,1;0,5
A10-2001;ATZZ;110,0;0,0;66700,0;-1,4;0,0
A10-2001;AT1;97286,0;28800,0;58000,0;0,5;0,0
A10-2001;AT2;41221,0;23600,0;50100,0;1,3;1,2
A10-2001;AT3;80756,0;27700,0;54700,0;2,3;1,9
A10-2001;ATZ;110,0;0,0;66700,0;-1,4;0,0
A10-2002;AT111;599,0;15900,0;0,0;0,0;0,0
A10-2002;AT112;2785,0;19700,0;0,0;0,0;0,0
A10-2002;AT113;1821,0;18700,0;0,0;0,0;0,0
A10-2002;AT121;4741,0;20000,0;0,0;0,0;0,0
A10-2002;AT122;5050,0;20500,0;0,0;0,0;0,0
A10-2002;AT123;3922,0;27500,0;0,0;0,0;0,0
A10-2002;AT124;4248,0;19000,0;0,0;0,0;0,0
A10-2002;AT125;1755,0;14200,0;0,0;0,0;0,0
A10-2002;AT126;5369,0;19200,0;0,0;0,0;0,0
A10-2002;AT127;9380,0;31800,0;0,0;0,0;0,0
A10-2002;AT130;60608,0;38300,0;0,0;0,0;0,0
A10-2002;AT211;7665,0;28400,0;0,0;0,0;0,0
A10-2002;AT212;2480,0;18900,0;0,0;0,0;0,0
A10-2002;AT213;3023,0;19100,0;0,0;0,0;0,0
A10-2002;AT221;12506,0;34100,0;0,0;0,0;0,0
A10-2002;AT222;1801,0;22100,0;0,0;0,0;0,0
A10-2002;AT223;4053,0;23200,0;0,0;0,0;0,0
A10-2002;AT224;4688,0;17500,0;0,0;0,0;0,0
A10-2002;AT225;3402,0;17900,0;0,0;0,0;0,0
A10-2002;AT226;2273,0;21000,0;0,0;0,0;0,0
A10-2002;AT311;5526,0;20300,0;0,0;0,0;0,0
A10-2002;AT312;19252,0;36500,0;0,0;0,0;0,0
A10-2002;AT313;2948,0;14600,0;0,0;0,0;0,0
A10-2002;AT314;4186,0;27500,0;0,0;0,0;0,0
A10-2002;AT315;5662,0;25000,0;0,0;0,0;0,0
A10-2002;AT321;419,0;19800,0;0,0;0,0;0,0
A10-2002;AT322;3956,0;24500,0;0,0;0,0;0,0
A10-2002;AT323;11475,0;34400,0;0,0;0,0;0,0
A10-2002;AT331;920,0;29100,0;0,0;0,0;0,0
A10-2002;AT332;8603,0;32000,0;0,0;0,0;0,0
A10-2002;AT333;1002,0;19900,0;0,0;0,0;0,0
A10-2002;AT334;2399,0;24800,0;0,0;0,0;0,0
A10-2002;AT335;6273,0;27300,0;0,0;0,0;0,0
A10-2002;AT341;2407,0;27600,0;0,0;0,0;0,0
A10-2002;AT342;7778,0;29200,0;0,0;0,0;0,0
A10-2002;ATZZZ;111,0;0,0;0,0;0,0;0,0
A10-2002;AT11;5205,0;18800,0;46400,0;2,2;2,2
A10-2002;AT12;34465,0;22300,0;51500,0;0,1;-0,2
A10-2002;AT13;60608,0;38300,0;67400,0;3,2;1,9
A10-2002;AT21;13169,0;23500,0;52000,0;1,3;1,4
A10-2002;AT22;28723,0;24200,0;50500,0;0,0;-0,2
A10-2002;AT31;37575,0;27200,0;55900,0;1,0;0,6
A10-2002;AT32;15850,0;30700,0;56100,0;1,5;1,3
A10-2002;AT33;19198,0;28400,0;54900,0;1,5;0,9
A10-2002;AT34;10185,0;28800,0;59300,0;1,7;1,1
A10-2002;ATZZ;111,0;0,0;68400,0;-0,2;0,0
A10-2002;AT1;100278,0;29400,0;59700,0;2,1;1,3
A10-2002;AT2;41891,0;24000,0;51000,0;0,4;0,3
A10-2002;AT3;82808,0;28300,0;56100,0;1,3;0,9
A10-2002;ATZ;111,0;0,0;68400,0;-0,2;0,0
A10-2003;AT111;636,0;16900,0;0,0;0,0;0,0
A10-2003;AT112;2847,0;20100,0;0,0;0,0;0,0
A10-2003;AT113;1777,0;18300,0;0,0;0,0;0,0
A10-2003;AT121;4826,0;20300,0;0,0;0,0;0,0
A10-2003;AT122;5192,0;21000,0;0,0;0,0;0,0
A10-2003;AT123;3971,0;27700,0;0,0;0,0;0,0
A10-2003;AT124;4343,0;19500,0;0,0;0,0;0,0
A10-2003;AT125;1785,0;14500,0;0,0;0,0;0,0
A10-2003;AT126;5428,0;19300,0;0,0;0,0;0,0
A10-2003;AT127;9716,0;32700,0;0,0;0,0;0,0
A10-2003;AT130;61305,0;38300,0;0,0;0,0;0,0
A10-2003;AT211;7814,0;29000,0;0,0;0,0;0,0
A10-2003;AT212;2519,0;19200,0;0,0;0,0;0,0
A10-2003;AT213;3161,0;20100,0;0,0;0,0;0,0
A10-2003;AT221;13169,0;35600,0;0,0;0,0;0,0
A10-2003;AT222;1783,0;21900,0;0,0;0,0;0,0
A10-2003;AT223;4081,0;23600,0;0,0;0,0;0,0
A10-2003;AT224;4942,0;18500,0;0,0;0,0;0,0
A10-2003;AT225;3587,0;18900,0;0,0;0,0;0,0
A10-2003;AT226;2206,0;20500,0;0,0;0,0;0,0
A10-2003;AT311;5668,0;20800,0;0,0;0,0;0,0
A10-2003;AT312;20171,0;38000,0;0,0;0,0;0,0
A10-2003;AT313;2971,0;14700,0;0,0;0,0;0,0
A10-2003;AT314;4356,0;28600,0;0,0;0,0;0,0
A10-2003;AT315;5649,0;24900,0;0,0;0,0;0,0
A10-2003;AT321;435,0;20600,0;0,0;0,0;0,0
A10-2003;AT322;4083,0;25200,0;0,0;0,0;0,0
A10-2003;AT323;11863,0;35400,0;0,0;0,0;0,0
A10-2003;AT331;933,0;29400,0;0,0;0,0;0,0
A10-2003;AT332;8852,0;32800,0;0,0;0,0;0,0
A10-2003;AT333;1012,0;20200,0;0,0;0,0;0,0
A10-2003;AT334;2495,0;25500,0;0,0;0,0;0,0
A10-2003;AT335;6502,0;28100,0;0,0;0,0;0,0
A10-2003;AT341;2472,0;28300,0;0,0;0,0;0,0
A10-2003;AT342;7884,0;29400,0;0,0;0,0;0,0
A10-2003;ATZZZ;110,0;0,0;0,0;0,0;0,0
A10-2003;AT11;5260,0;19000,0;46300,0;-1,0;-1,0
A10-2003;AT12;35260,0;22700,0;52800,0;1,0;0,7
A10-2003;AT13;61305,0;38300,0;68200,0;-0,1;-1,2
A10-2003;AT21;13493,0;24200,0;52900,0;1,0;1,2
A10-2003;AT22;29769,0;25000,0;52100,0;2,4;2,3
A10-2003;AT31;38815,0;28000,0;57100,0;2,2;1,9
A10-2003;AT32;16381,0;31600,0;57700,0;1,9;1,7
A10-2003;AT33;19794,0;29100,0;55600,0;1,5;0,9
A10-2003;AT34;10355,0;29100,0;60200,0;0,6;0,0
A10-2003;ATZZ;110,0;0,0;67400,0;-3,1;0,0
A10-2003;AT1;101825,0;29700,0;60600,0;0,3;-0,4
A10-2003;AT2;43262,0;24700,0;52400,0;2,0;1,9
A10-2003;AT3;85345,0;29000,0;57200,0;1,8;1,4
A10-2003;ATZ;110,0;0,0;67400,0;-3,1;0,0
A10-2004;AT111;645,0;17200,0;0,0;0,0;0,0
A10-2004;AT112;3101,0;21700,0;0,0;0,0;0,0
A10-2004;AT113;1787,0;18400,0;0,0;0,0;0,0
A10-2004;AT121;5094,0;21400,0;0,0;0,0;0,0
A10-2004;AT122;5391,0;21700,0;0,0;0,0;0,0
A10-2004;AT123;4082,0;28200,0;0,0;0,0;0,0
A10-2004;AT124;4551,0;20500,0;0,0;0,0;0,0
A10-2004;AT125;1884,0;15300,0;0,0;0,0;0,0
A10-2004;AT126;5909,0;20700,0;0,0;0,0;0,0
A10-2004;AT127;10890,0;36200,0;0,0;0,0;0,0
A10-2004;AT130;62924,0;38800,0;0,0;0,0;0,0
A10-2004;AT211;8196,0;30300,0;0,0;0,0;0,0
A10-2004;AT212;2611,0;20000,0;0,0;0,0;0,0
A10-2004;AT213;3297,0;21000,0;0,0;0,0;0,0
A10-2004;AT221;13918,0;37200,0;0,0;0,0;0,0
A10-2004;AT222;1915,0;23600,0;0,0;0,0;0,0
A10-2004;AT223;4242,0;24600,0;0,0;0,0;0,0
A10-2004;AT224;5114,0;19100,0;0,0;0,0;0,0
A10-2004;AT225;3818,0;20000,0;0,0;0,0;0,0
A10-2004;AT226;2361,0;22000,0;0,0;0,0;0,0
A10-2004;AT311;5973,0;21800,0;0,0;0,0;0,0
A10-2004;AT312;20698,0;38700,0;0,0;0,0;0,0
A10-2004;AT313;3133,0;15400,0;0,0;0,0;0,0
A10-2004;AT314;4623,0;30200,0;0,0;0,0;0,0
A10-2004;AT315;5853,0;25700,0;0,0;0,0;0,0
A10-2004;AT321;423,0;20000,0;0,0;0,0;0,0
A10-2004;AT322;4128,0;25400,0;0,0;0,0;0,0
A10-2004;AT323;12707,0;37700,0;0,0;0,0;0,0
A10-2004;AT331;949,0;29900,0;0,0;0,0;0,0
A10-2004;AT332;9081,0;33300,0;0,0;0,0;0,0
A10-2004;AT333;1035,0;20600,0;0,0;0,0;0,0
A10-2004;AT334;2572,0;26200,0;0,0;0,0;0,0
A10-2004;AT335;6669,0;28700,0;0,0;0,0;0,0
A10-2004;AT341;2620,0;29800,0;0,0;0,0;0,0
A10-2004;AT342;8235,0;30400,0;0,0;0,0;0,0
A10-2004;ATZZZ;114,0;0,0;0,0;0,0;0,0
A10-2004;AT11;5532,0;19900,0;49000,0;4,1;3,8
A10-2004;AT12;37801,0;24200,0;56400,0;5,5;4,9
A10-2004;AT13;62924,0;38800,0;70200,0;1,0;-0,2
A10-2004;AT21;14104,0;25300,0;55000,0;2,7;2,7
A10-2004;AT22;31367,0;26300,0;54200,0;3,3;3,0
A10-2004;AT31;40280,0;29000,0;59100,0;1,8;1,4
A10-2004;AT32;17258,0;33100,0;60300,0;3,6;3,1
A10-2004;AT33;20306,0;29600,0;56700,0;0,7;0,0
A10-2004;AT34;10855,0;30300,0;63000,0;3,0;2,2
A10-2004;ATZZ;114,0;0,0;72500,0;-0,5;0,0
A10-2004;AT1;106257,0;30700,0;63200,0;2,8;1,9
A10-2004;AT2;45471,0;25900,0;54500,0;3,1;2,9
A10-2004;AT3;88699,0;30000,0;59200,0;2,1;1,5
A10-2004;ATZ;114,0;0,0;72500,0;-0,5;0,0
A10-2005;AT111;666,0;17800,0;0,0;0,0;0,0
A10-2005;AT112;3119,0;21700,0;0,0;0,0;0,0
A10-2005;AT113;1793,0;18400,0;0,0;0,0;0,0
A10-2005;AT121;5394,0;22500,0;0,0;0,0;0,0
A10-2005;AT122;5621,0;22500,0;0,0;0,0;0,0
A10-2005;AT123;4271,0;29300,0;0,0;0,0;0,0
A10-2005;AT124;4636,0;20900,0;0,0;0,0;0,0
A10-2005;AT125;1853,0;15000,0;0,0;0,0;0,0
A10-2005;AT126;6074,0;21100,0;0,0;0,0;0,0
A10-2005;AT127;11436,0;37500,0;0,0;0,0;0,0
A10-2005;AT130;66069,0;40200,0;0,0;0,0;0,0
A10-2005;AT211;8523,0;31400,0;0,0;0,0;0,0
A10-2005;AT212;2681,0;20500,0;0,0;0,0;0,0
A10-2005;AT213;3366,0;21500,0;0,0;0,0;0,0
A10-2005;AT221;14442,0;38000,0;0,0;0,0;0,0
A10-2005;AT222;1979,0;24400,0;0,0;0,0;0,0
A10-2005;AT223;4655,0;27100,0;0,0;0,0;0,0
A10-2005;AT224;5275,0;19700,0;0,0;0,0;0,0
A10-2005;AT225;3844,0;20100,0;0,0;0,0;0,0
A10-2005;AT226;2355,0;22000,0;0,0;0,0;0,0
A10-2005;AT311;6339,0;23100,0;0,0;0,0;0,0
A10-2005;AT312;21961,0;40800,0;0,0;0,0;0,0
A10-2005;AT313;3252,0;16000,0;0,0;0,0;0,0
A10-2005;AT314;4901,0;32000,0;0,0;0,0;0,0
A10-2005;AT315;6353,0;27800,0;0,0;0,0;0,0
A10-2005;AT321;434,0;20600,0;0,0;0,0;0,0
A10-2005;AT322;4472,0;27500,0;0,0;0,0;0,0
A10-2005;AT323;13203,0;38900,0;0,0;0,0;0,0
A10-2005;AT331;1076,0;33800,0;0,0;0,0;0,0
A10-2005;AT332;9651,0;35100,0;0,0;0,0;0,0
A10-2005;AT333;1142,0;22700,0;0,0;0,0;0,0
A10-2005;AT334;2650,0;26800,0;0,0;0,0;0,0
A10-2005;AT335;7319,0;31200,0;0,0;0,0;0,0
A10-2005;AT341;2853,0;32200,0;0,0;0,0;0,0
A10-2005;AT342;8581,0;31400,0;0,0;0,0;0,0
A10-2005;ATZZZ;117,0;0,0;0,0;0,0;0,0
A10-2005;AT11;5577,0;20000,0;49200,0;-0,1;-0,5
A10-2005;AT12;39284,0;24900,0;58200,0;2,0;1,2
A10-2005;AT13;66069,0;40200,0;73000,0;2,2;0,9
A10-2005;AT21;14570,0;26100,0;56200,0;0,3;0,1
A10-2005;AT22;32550,0;27200,0;55300,0;1,0;0,6
A10-2005;AT31;42806,0;30600,0;61800,0;3,7;3,2
A10-2005;AT32;18109,0;34600,0;62000,0;2,1;1,5
A10-2005;AT33;21838,0;31600,0;59900,0;4,7;3,9
A10-2005;AT34;11434,0;31600,0;65500,0;2,6;1,8
A10-2005;ATZZ;117,0;0,0;70500,0;3,3;0,0
A10-2005;AT1;110931,0;31700,0;65500,0;2,0;1,0
A10-2005;AT2;47121,0;26800,0;55600,0;0,8;0,5
A10-2005;AT3;94186,0;31700,0;61800,0;3,5;2,9
A10-2005;ATZ;117,0;0,0;70500,0;3,3;0,0
A10-2006;AT111;703,0;18800,0;0,0;0,0;0,0
A10-2006;AT112;3315,0;22900,0;0,0;0,0;0,0
A10-2006;AT113;1814,0;18600,0;0,0;0,0;0,0
A10-2006;AT121;5765,0;24000,0;0,0;0,0;0,0
A10-2006;AT122;5929,0;23600,0;0,0;0,0;0,0
A10-2006;AT123;4461,0;30400,0;0,0;0,0;0,0
A10-2006;AT124;4752,0;21400,0;0,0;0,0;0,0
A10-2006;AT125;1944,0;15700,0;0,0;0,0;0,0
A10-2006;AT126;6551,0;22400,0;0,0;0,0;0,0
A10-2006;AT127;11973,0;38800,0;0,0;0,0;0,0
A10-2006;AT130;69355,0;41900,0;0,0;0,0;0,0
A10-2006;AT211;8863,0;32500,0;0,0;0,0;0,0
A10-2006;AT212;2919,0;22400,0;0,0;0,0;0,0
A10-2006;AT213;3613,0;23100,0;0,0;0,0;0,0
A10-2006;AT221;15248,0;39700,0;0,0;0,0;0,0
A10-2006;AT222;2067,0;25500,0;0,0;0,0;0,0
A10-2006;AT223;5004,0;29300,0;0,0;0,0;0,0
A10-2006;AT224;5529,0;20600,0;0,0;0,0;0,0
A10-2006;AT225;4078,0;21400,0;0,0;0,0;0,0
A10-2006;AT226;2521,0;23700,0;0,0;0,0;0,0
A10-2006;AT311;6760,0;24600,0;0,0;0,0;0,0
A10-2006;AT312;23027,0;42500,0;0,0;0,0;0,0
A10-2006;AT313;3467,0;17000,0;0,0;0,0;0,0
A10-2006;AT314;5203,0;33900,0;0,0;0,0;0,0
A10-2006;AT315;6635,0;29000,0;0,0;0,0;0,0
A10-2006;AT321;464,0;22100,0;0,0;0,0;0,0
A10-2006;AT322;4725,0;29000,0;0,0;0,0;0,0
A10-2006;AT323;13990,0;41000,0;0,0;0,0;0,0
A10-2006;AT331;1115,0;35000,0;0,0;0,0;0,0
A10-2006;AT332;10101,0;36400,0;0,0;0,0;0,0
A10-2006;AT333;1210,0;24000,0;0,0;0,0;0,0
A10-2006;AT334;2786,0;28000,0;0,0;0,0;0,0
A10-2006;AT335;7846,0;33200,0;0,0;0,0;0,0
A10-2006;AT341;3069,0;34600,0;0,0;0,0;0,0
A10-2006;AT342;9016,0;32800,0;0,0;0,0;0,0
A10-2006;ATZZZ;116,0;0,0;0,0;0,0;0,0
A10-2006;AT11;5832,0;20900,0;50800,0;2,0;1,6
A10-2006;AT12;41375,0;26100,0;60100,0;3,1;2,5
A10-2006;AT13;69355,0;41900,0;75000,0;3,4;2,5
A10-2006;AT21;15395,0;27500,0;58300,0;3,1;3,1
A10-2006;AT22;34447,0;28700,0;58000,0;3,3;3,0
A10-2006;AT31;45092,0;32200,0;64100,0;3,2;2,9
A10-2006;AT32;19180,0;36500,0;64800,0;3,7;3,3
A10-2006;AT33;23057,0;33200,0;62300,0;3,0;2,3
A10-2006;AT34;12085,0;33300,0;67900,0;3,8;3,3
A10-2006;ATZZ;116,0;0,0;67900,0;-2,7;0,0
A10-2006;AT1;116562,0;33100,0;67500,0;3,2;2,5
A10-2006;AT2;49842,0;28300,0;58100,0;3,2;3,0
A10-2006;AT3;99414,0;33300,0;64200,0;3,3;2,9
A10-2006;ATZ;116,0;0,0;67900,0;-2,7;0,0
A10-2007;AT111;747,0;19900,0;0,0;0,0;0,0
A10-2007;AT112;3508,0;24100,0;0,0;0,0;0,0
A10-2007;AT113;1971,0;20200,0;0,0;0,0;0,0
A10-2007;AT121;6237,0;25900,0;0,0;0,0;0,0
A10-2007;AT122;6290,0;25000,0;0,0;0,0;0,0
A10-2007;AT123;4828,0;32800,0;0,0;0,0;0,0
A10-2007;AT124;4937,0;22300,0;0,0;0,0;0,0
A10-2007;AT125;2105,0;17000,0;0,0;0,0;0,0
A10-2007;AT126;7012,0;23700,0;0,0;0,0;0,0
A10-2007;AT127;12817,0;41200,0;0,0;0,0;0,0
A10-2007;AT130;72705,0;43700,0;0,0;0,0;0,0
A10-2007;AT211;9567,0;34900,0;0,0;0,0;0,0
A10-2007;AT212;3085,0;23800,0;0,0;0,0;0,0
A10-2007;AT213;3882,0;24900,0;0,0;0,0;0,0
A10-2007;AT221;16195,0;41700,0;0,0;0,0;0,0
A10-2007;AT222;2198,0;27200,0;0,0;0,0;0,0
A10-2007;AT223;5459,0;32200,0;0,0;0,0;0,0
A10-2007;AT224;6038,0;22500,0;0,0;0,0;0,0
A10-2007;AT225;4343,0;22800,0;0,0;0,0;0,0
A10-2007;AT226;2623,0;24800,0;0,0;0,0;0,0
A10-2007;AT311;7297,0;26600,0;0,0;0,0;0,0
A10-2007;AT312;24543,0;45100,0;0,0;0,0;0,0
A10-2007;AT313;3718,0;18200,0;0,0;0,0;0,0
A10-2007;AT314;5423,0;35400,0;0,0;0,0;0,0
A10-2007;AT315;6981,0;30400,0;0,0;0,0;0,0
A10-2007;AT321;490,0;23400,0;0,0;0,0;0,0
A10-2007;AT322;5096,0;31300,0;0,0;0,0;0,0
A10-2007;AT323;14966,0;43800,0;0,0;0,0;0,0
A10-2007;AT331;1174,0;36900,0;0,0;0,0;0,0
A10-2007;AT332;10577,0;37900,0;0,0;0,0;0,0
A10-2007;AT333;1209,0;24000,0;0,0;0,0;0,0
A10-2007;AT334;2934,0;29400,0;0,0;0,0;0,0
A10-2007;AT335;8293,0;35000,0;0,0;0,0;0,0
A10-2007;AT341;3213,0;36300,0;0,0;0,0;0,0
A10-2007;AT342;9633,0;34800,0;0,0;0,0;0,0
A10-2007;ATZZZ;115,0;0,0;0,0;0,0;0,0
A10-2007;AT11;6226,0;22200,0;53500,0;3,5;3,2
A10-2007;AT12;44227,0;27800,0;63200,0;4,5;4,0
A10-2007;AT13;72705,0;43700,0;77200,0;3,0;2,5
A10-2007;AT21;16534,0;29500,0;61700,0;4,6;4,5
A10-2007;AT22;36856,0;30600,0;60900,0;4,4;4,3
A10-2007;AT31;47962,0;34100,0;66600,0;4,0;3,8
A10-2007;AT32;20552,0;39100,0;68100,0;4,6;4,5
A10-2007;AT33;24186,0;34700,0;64200,0;2,2;1,8
A10-2007;AT34;12846,0;35200,0;70700,0;3,8;3,4
A10-2007;ATZZ;115,0;0,0;69300,0;-3,3;0,0
A10-2007;AT1;123159,0;34800,0;70100,0;3,6;3,1
A10-2007;AT2;53390,0;30300,0;61100,0;4,5;4,3
A10-2007;AT3;105545,0;35300,0;66800,0;3,7;3,4
A10-2007;ATZ;115,0;0,0;69300,0;-3,3;0,0
A10-2008;AT111;701,0;18700,0;0,0;0,0;0,0
A10-2008;AT112;3522,0;24000,0;0,0;0,0;0,0
A10-2008;AT113;2016,0;20700,0;0,0;0,0;0,0
A10-2008;AT121;6377,0;26400,0;0,0;0,0;0,0
A10-2008;AT122;6432,0;25500,0;0,0;0,0;0,0
A10-2008;AT123;4996,0;33800,0;0,0;0,0;0,0
A10-2008;AT124;5168,0;23400,0;0,0;0,0;0,0
A10-2008;AT125;2184,0;17600,0;0,0;0,0;0,0
A10-2008;AT126;7661,0;25500,0;0,0;0,0;0,0
A10-2008;AT127;13139,0;41900,0;0,0;0,0;0,0
A10-2008;AT130;75606,0;45100,0;0,0;0,0;0,0
A10-2008;AT211;9928,0;36100,0;0,0;0,0;0,0
A10-2008;AT212;3248,0;25100,0;0,0;0,0;0,0
A10-2008;AT213;3886,0;25000,0;0,0;0,0;0,0
A10-2008;AT221;16744,0;42700,0;0,0;0,0;0,0
A10-2008;AT222;2298,0;28500,0;0,0;0,0;0,0
A10-2008;AT223;5468,0;32400,0;0,0;0,0;0,0
A10-2008;AT224;6243,0;23300,0;0,0;0,0;0,0
A10-2008;AT225;4415,0;23200,0;0,0;0,0;0,0
A10-2008;AT226;2744,0;26100,0;0,0;0,0;0,0
A10-2008;AT311;7500,0;27300,0;0,0;0,0;0,0
A10-2008;AT312;26092,0;47800,0;0,0;0,0;0,0
A10-2008;AT313;3966,0;19400,0;0,0;0,0;0,0
A10-2008;AT314;5573,0;36400,0;0,0;0,0;0,0
A10-2008;AT315;7067,0;30800,0;0,0;0,0;0,0
A10-2008;AT321;512,0;24500,0;0,0;0,0;0,0
A10-2008;AT322;5282,0;32500,0;0,0;0,0;0,0
A10-2008;AT323;15133,0;44100,0;0,0;0,0;0,0
A10-2008;AT331;1198,0;37600,0;0,0;0,0;0,0
A10-2008;AT332;10822,0;38600,0;0,0;0,0;0,0
A10-2008;AT333;1242,0;24800,0;0,0;0,0;0,0
A10-2008;AT334;3098,0;30900,0;0,0;0,0;0,0
A10-2008;AT335;8257,0;34600,0;0,0;0,0;0,0
A10-2008;AT341;3406,0;38600,0;0,0;0,0;0,0
A10-2008;AT342;9795,0;35200,0;0,0;0,0;0,0
A10-2008;ATZZZ;127,0;0,0;0,0;0,0;0,0
A10-2008;AT11;6239,0;22100,0;53000,0;-1,0;-1,5
A10-2008;AT12;45957,0;28700,0;64200,0;3,8;3,3
A10-2008;AT13;75606,0;45100,0;78400,0;0,8;0,2
A10-2008;AT21;17061,0;30500,0;62600,0;1,4;1,4
A10-2008;AT22;37913,0;31500,0;61400,0;1,1;1,0
A10-2008;AT31;50198,0;35700,0;68200,0;2,8;2,6
A10-2008;AT32;20927,0;39800,0;67700,0;-0,5;-0,6
A10-2008;AT33;24618,0;35100,0;63700,0;-0,5;-0,9
A10-2008;AT34;13201,0;36000,0;71800,0;1,3;0,9
A10-2008;ATZZ;127,0;0,0;76700,0;8,6;0,0
A10-2008;AT1;127802,0;35900,0;71100,0;1,8;1,3
A10-2008;AT2;54974,0;31200,0;61800,0;1,2;1,1
A10-2008;AT3;108944,0;36300,0;67400,0;1,2;1,0
A10-2008;ATZ;127,0;0,0;76700,0;8,6;0,0
A10-2009;AT111;729,0;19500,0;0,0;0,0;0,0
A10-2009;AT112;3572,0;24100,0;0,0;0,0;0,0
A10-2009;AT113;2042,0;20900,0;0,0;0,0;0,0
A10-2009;AT121;6165,0;25500,0;0,0;0,0;0,0
A10-2009;AT122;6223,0;24700,0;0,0;0,0;0,0
A10-2009;AT123;5127,0;34700,0;0,0;0,0;0,0
A10-2009;AT124;5116,0;23200,0;0,0;0,0;0,0
A10-2009;AT125;2155,0;17400,0;0,0;0,0;0,0
A10-2009;AT126;7423,0;24500,0;0,0;0,0;0,0
A10-2009;AT127;12858,0;40700,0;0,0;0,0;0,0
A10-2009;AT130;75027,0;44500,0;0,0;0,0;0,0
A10-2009;AT211;9443,0;34300,0;0,0;0,0;0,0
A10-2009;AT212;3163,0;24600,0;0,0;0,0;0,0
A10-2009;AT213;3657,0;23700,0;0,0;0,0;0,0
A10-2009;AT221;16495,0;41800,0;0,0;0,0;0,0
A10-2009;AT222;2235,0;27900,0;0,0;0,0;0,0
A10-2009;AT223;5171,0;30900,0;0,0;0,0;0,0
A10-2009;AT224;6216,0;23200,0;0,0;0,0;0,0
A10-2009;AT225;4192,0;22000,0;0,0;0,0;0,0
A10-2009;AT226;2533,0;24300,0;0,0;0,0;0,0
A10-2009;AT311;7267,0;26400,0;0,0;0,0;0,0
A10-2009;AT312;24976,0;45600,0;0,0;0,0;0,0
A10-2009;AT313;4076,0;20000,0;0,0;0,0;0,0
A10-2009;AT314;5162,0;33800,0;0,0;0,0;0,0
A10-2009;AT315;7006,0;30500,0;0,0;0,0;0,0
A10-2009;AT321;534,0;25600,0;0,0;0,0;0,0
A10-2009;AT322;5210,0;32100,0;0,0;0,0;0,0
A10-2009;AT323;14714,0;42900,0;0,0;0,0;0,0
A10-2009;AT331;1166,0;36700,0;0,0;0,0;0,0
A10-2009;AT332;10692,0;38000,0;0,0;0,0;0,0
A10-2009;AT333;1265,0;25400,0;0,0;0,0;0,0
A10-2009;AT334;3142,0;31300,0;0,0;0,0;0,0
A10-2009;AT335;8334,0;34800,0;0,0;0,0;0,0
A10-2009;AT341;3492,0;39600,0;0,0;0,0;0,0
A10-2009;AT342;9565,0;34200,0;0,0;0,0;0,0
A10-2009;ATZZZ;132,0;0,0;0,0;0,0;0,0
A10-2009;AT11;6343,0;22400,0;54100,0;0,0;-0,5
A10-2009;AT12;45067,0;28100,0;63500,0;-2,2;-2,5
A10-2009;AT13;75027,0;44500,0;77900,0;-1,2;-1,8
A10-2009;AT21;16262,0;29100,0;60900,0;-6,2;-6,0
A10-2009;AT22;36842,0;30600,0;60300,0;-6,1;-6,1
A10-2009;AT31;48487,0;34400,0;66500,0;-6,9;-7,0
A10-2009;AT32;20458,0;38900,0;66700,0;-3,7;-3,7
A10-2009;AT33;24598,0;35000,0;63900,0;-2,0;-2,3
A10-2009;AT34;13057,0;35500,0;71000,0;-3,4;-3,7
A10-2009;ATZZ;132,0;0,0;76700,0;1,8;0,0
A10-2009;AT1;126438,0;35400,0;70600,0;-1,5;-1,9
A10-2009;AT2;53105,0;30100,0;60500,0;-6,1;-6,1
A10-2009;AT3;106600,0;35500,0;66400,0;-4,8;-4,9
A10-2009;ATZ;132,0;0,0;76700,0;1,8;0,0
A10-2010;AT111;734,0;19600,0;0,0;0,0;0,0
A10-2010;AT112;3767,0;25300,0;0,0;0,0;0,0
A10-2010;AT113;2158,0;22100,0;0,0;0,0;0,0
A10-2010;AT121;6225,0;25800,0;0,0;0,0;0,0
A10-2010;AT122;6468,0;25600,0;0,0;0,0;0,0
A10-2010;AT123;5241,0;35400,0;0,0;0,0;0,0
A10-2010;AT124;5171,0;23500,0;0,0;0,0;0,0
A10-2010;AT125;2195,0;17800,0;0,0;0,0;0,0
A10-2010;AT126;7591,0;24900,0;0,0;0,0;0,0
A10-2010;AT127;13182,0;41500,0;0,0;0,0;0,0
A10-2010;AT130;76943,0;45400,0;0,0;0,0;0,0
A10-2010;AT211;9897,0;35900,0;0,0;0,0;0,0
A10-2010;AT212;3000,0;23400,0;0,0;0,0;0,0
A10-2010;AT213;3846,0;25000,0;0,0;0,0;0,0
A10-2010;AT221;16610,0;41700,0;0,0;0,0;0,0
A10-2010;AT222;2259,0;28300,0;0,0;0,0;0,0
A10-2010;AT223;5130,0;30900,0;0,0;0,0;0,0
A10-2010;AT224;6421,0;24000,0;0,0;0,0;0,0
A10-2010;AT225;4551,0;23900,0;0,0;0,0;0,0
A10-2010;AT226;2733,0;26400,0;0,0;0,0;0,0
A10-2010;AT311;7606,0;27600,0;0,0;0,0;0,0
A10-2010;AT312;25730,0;46900,0;0,0;0,0;0,0
A10-2010;AT313;4020,0;19700,0;0,0;0,0;0,0
A10-2010;AT314;5409,0;35400,0;0,0;0,0;0,0
A10-2010;AT315;6939,0;30300,0;0,0;0,0;0,0
A10-2010;AT321;551,0;26500,0;0,0;0,0;0,0
A10-2010;AT322;5341,0;32900,0;0,0;0,0;0,0
A10-2010;AT323;15663,0;45500,0;0,0;0,0;0,0
A10-2010;AT331;1049,0;33200,0;0,0;0,0;0,0
A10-2010;AT332;10916,0;38500,0;0,0;0,0;0,0
A10-2010;AT333;1287,0;26000,0;0,0;0,0;0,0
A10-2010;AT334;3224,0;32100,0;0,0;0,0;0,0
A10-2010;AT335;8707,0;36300,0;0,0;0,0;0,0
A10-2010;AT341;3510,0;39900,0;0,0;0,0;0,0
A10-2010;AT342;9837,0;35000,0;0,0;0,0;0,0
A10-2010;ATZZZ;136,0;0,0;0,0;0,0;0,0
A10-2010;AT11;6659,0;23400,0;56600,0;2,6;2,3
A10-2010;AT12;46074,0;28700,0;64800,0;0,1;0,0
A10-2010;AT13;76943,0;45400,0;79100,0;1,9;1,2
A10-2010;AT21;16743,0;30000,0;62400,0;2,0;2,3
A10-2010;AT22;37704,0;31300,0;61100,0;1,5;1,4
A10-2010;AT31;49705,0;35300,0;68000,0;1,9;1,8
A10-2010;AT32;21556,0;40900,0;69600,0;4,7;4,6
A10-2010;AT33;25183,0;35700,0;64400,0;1,9;1,5
A10-2010;AT34;13347,0;36200,0;71800,0;2,3;2,0
A10-2010;ATZZ;136,0;0,0;79400,0;2,3;0,0
A10-2010;AT1;129675,0;36200,0;72000,0;1,3;0,9
A10-2010;AT2;54448,0;30900,0;61500,0;1,6;1,7
A10-2010;AT3;109791,0;36500,0;67900,0;2,5;2,3
A10-2010;ATZ;136,0;0,0;79400,0;2,3;0,0
A10-2011;AT111;783,0;20900,0;0,0;0,0;0,0
A10-2011;AT112;3934,0;26200,0;0,0;0,0;0,0
A10-2011;AT113;2265,0;23200,0;0,0;0,0;0,0
A10-2011;AT121;6574,0;27300,0;0,0;0,0;0,0
A10-2011;AT122;6753,0;26700,0;0,0;0,0;0,0
A10-2011;AT123;5531,0;37300,0;0,0;0,0;0,0
A10-2011;AT124;5443,0;24800,0;0,0;0,0;0,0
A10-2011;AT125;2350,0;19000,0;0,0;0,0;0,0
A10-2011;AT126;8150,0;26500,0;0,0;0,0;0,0
A10-2011;AT127;13603,0;42600,0;0,0;0,0;0,0
A10-2011;AT130;79362,0;46400,0;0,0;0,0;0,0
A10-2011;AT211;10395,0;37600,0;0,0;0,0;0,0
A10-2011;AT212;3132,0;24600,0;0,0;0,0;0,0
A10-2011;AT213;4033,0;26400,0;0,0;0,0;0,0
A10-2011;AT221;17640,0;43800,0;0,0;0,0;0,0
A10-2011;AT222;2349,0;29500,0;0,0;0,0;0,0
A10-2011;AT223;5638,0;34200,0;0,0;0,0;0,0
A10-2011;AT224;6625,0;24800,0;0,0;0,0;0,0
A10-2011;AT225;4768,0;25100,0;0,0;0,0;0,0
A10-2011;AT226;2805,0;27200,0;0,0;0,0;0,0
A10-2011;AT311;8329,0;30300,0;0,0;0,0;0,0
A10-2011;AT312;26952,0;48900,0;0,0;0,0;0,0
A10-2011;AT313;4305,0;21100,0;0,0;0,0;0,0
A10-2011;AT314;5739,0;37600,0;0,0;0,0;0,0
A10-2011;AT315;7579,0;33000,0;0,0;0,0;0,0
A10-2011;AT321;573,0;27700,0;0,0;0,0;0,0
A10-2011;AT322;5581,0;34300,0;0,0;0,0;0,0
A10-2011;AT323;16390,0;47500,0;0,0;0,0;0,0
A10-2011;AT331;1269,0;40200,0;0,0;0,0;0,0
A10-2011;AT332;11327,0;39700,0;0,0;0,0;0,0
A10-2011;AT333;1308,0;26500,0;0,0;0,0;0,0
A10-2011;AT334;3464,0;34400,0;0,0;0,0;0,0
A10-2011;AT335;8962,0;37100,0;0,0;0,0;0,0
A10-2011;AT341;3643,0;41500,0;0,0;0,0;0,0
A10-2011;AT342;10481,0;37100,0;0,0;0,0;0,0
A10-2011;ATZZZ;134,0;0,0;0,0;0,0;0,0
A10-2011;AT11;6981,0;24500,0;57400,0;2,8;2,4
A10-2011;AT12;48404,0;30000,0;67000,0;3,2;2,9
A10-2011;AT13;79362,0;46400,0;80400,0;1,7;0,9
A10-2011;AT21;17560,0;31600,0;64600,0;2,7;2,9
A10-2011;AT22;39825,0;33000,0;63300,0;3,6;3,5
A10-2011;AT31;52904,0;37500,0;71200,0;4,3;4,1
A10-2011;AT32;22544,0;42600,0;71600,0;2,9;2,6
A10-2011;AT33;26330,0;37200,0;66300,0;2,4;1,9
A10-2011;AT34;14124,0;38200,0;74700,0;3,8;3,4
A10-2011;ATZZ;134,0;0,0;79800,0;-3,3;0,0
A10-2011;AT1;134747,0;37400,0;73500,0;2,3;1,8
A10-2011;AT2;57385,0;32500,0;63700,0;3,3;3,3
A10-2011;AT3;115901,0;38400,0;70500,0;3,5;3,2
A10-2011;ATZ;134,0;0,0;79800,0;-3,3;0,0
A10-2012;AT111;801,0;21300,0;0,0;0,0;0,0
A10-2012;AT112;4164,0;27600,0;0,0;0,0;0,0
A10-2012;AT113;2294,0;23500,0;0,0;0,0;0,0
A10-2012;AT121;6858,0;28400,0;0,0;0,0;0,0
A10-2012;AT122;6959,0;27500,0;0,0;0,0;0,0
A10-2012;AT123;5675,0;38200,0;0,0;0,0;0,0
A10-2012;AT124;5543,0;25300,0;0,0;0,0;0,0
A10-2012;AT125;2316,0;18800,0;0,0;0,0;0,0
A10-2012;AT126;8427,0;27300,0;0,0;0,0;0,0
A10-2012;AT127;14035,0;43600,0;0,0;0,0;0,0
A10-2012;AT130;80735,0;46700,0;0,0;0,0;0,0
A10-2012;AT211;10479,0;37800,0;0,0;0,0;0,0
A10-2012;AT212;3144,0;24800,0;0,0;0,0;0,0
A10-2012;AT213;4240,0;27900,0;0,0;0,0;0,0
A10-2012;AT221;18376,0;45100,0;0,0;0,0;0,0
A10-2012;AT222;2490,0;31400,0;0,0;0,0;0,0
A10-2012;AT223;5751,0;35100,0;0,0;0,0;0,0
A10-2012;AT224;6937,0;26000,0;0,0;0,0;0,0
A10-2012;AT225;4925,0;25900,0;0,0;0,0;0,0
A10-2012;AT226;2870,0;28000,0;0,0;0,0;0,0
A10-2012;AT311;8730,0;31700,0;0,0;0,0;0,0
A10-2012;AT312;27236,0;49200,0;0,0;0,0;0,0
A10-2012;AT313;4483,0;22000,0;0,0;0,0;0,0
A10-2012;AT314;6091,0;40000,0;0,0;0,0;0,0
A10-2012;AT315;7612,0;33100,0;0,0;0,0;0,0
A10-2012;AT321;605,0;29400,0;0,0;0,0;0,0
A10-2012;AT322;5753,0;35300,0;0,0;0,0;0,0
A10-2012;AT323;17067,0;49200,0;0,0;0,0;0,0
A10-2012;AT331;1318,0;41700,0;0,0;0,0;0,0
A10-2012;AT332;11801,0;40900,0;0,0;0,0;0,0
A10-2012;AT333;1360,0;27700,0;0,0;0,0;0,0
A10-2012;AT334;3623,0;35900,0;0,0;0,0;0,0
A10-2012;AT335;9359,0;38500,0;0,0;0,0;0,0
A10-2012;AT341;3690,0;42000,0;0,0;0,0;0,0
A10-2012;AT342;10706,0;37700,0;0,0;0,0;0,0
A10-2012;ATZZZ;136,0;0,0;0,0;0,0;0,0
A10-2012;AT11;7259,0;25400,0;59100,0;1,4;1,0
A10-2012;AT12;49813,0;30800,0;68200,0;0,1;-0,2
A10-2012;AT13;80735,0;46700,0;80300,0;-0,3;-1,4
A10-2012;AT21;17863,0;32100,0;65700,0;-0,4;-0,3
A10-2012;AT22;41349,0;34200,0;65600,0;1,5;1,3
A10-2012;AT31;54152,0;38200,0;72200,0;0,8;0,5
A10-2012;AT32;23425,0;44200,0;73500,0;2,0;1,6
A10-2012;AT33;27461,0;38500,0;68100,0;2,3;1,7
A10-2012;AT34;14396,0;38700,0;75600,0;0,1;-0,4
A10-2012;ATZZ;136,0;0,0;82100,0;-0,9;0,0
A10-2012;AT1;137806,0;38000,0;74200,0;-0,1;-0,7
A10-2012;AT2;59213,0;33500,0;65600,0;0,9;0,8
A10-2012;AT3;119435,0;39400,0;71800,0;1,3;0,9
A10-2012;ATZ;136,0;0,0;82100,0;-0,9;0,0
A10-2013;AT111;833,0;22200,0;0,0;0,0;0,0
A10-2013;AT112;4280,0;28200,0;0,0;0,0;0,0
A10-2013;AT113;2292,0;23500,0;0,0;0,0;0,0
A10-2013;AT121;7013,0;29000,0;0,0;0,0;0,0
A10-2013;AT122;7064,0;27900,0;0,0;0,0;0,0
A10-2013;AT123;5775,0;38700,0;0,0;0,0;0,0
A10-2013;AT124;5639,0;25800,0;0,0;0,0;0,0
A10-2013;AT125;2416,0;19600,0;0,0;0,0;0,0
A10-2013;AT126;8604,0;27600,0;0,0;0,0;0,0
A10-2013;AT127;13923,0;42900,0;0,0;0,0;0,0
A10-2013;AT130;81911,0;46700,0;0,0;0,0;0,0
A10-2013;AT211;10427,0;37400,0;0,0;0,0;0,0
A10-2013;AT212;3266,0;25900,0;0,0;0,0;0,0
A10-2013;AT213;4222,0;27900,0;0,0;0,0;0,0
A10-2013;AT221;18345,0;44500,0;0,0;0,0;0,0
A10-2013;AT222;2530,0;32000,0;0,0;0,0;0,0
A10-2013;AT223;5661,0;34800,0;0,0;0,0;0,0
A10-2013;AT224;6952,0;26100,0;0,0;0,0;0,0
A10-2013;AT225;4965,0;26200,0;0,0;0,0;0,0
A10-2013;AT226;2844,0;27900,0;0,0;0,0;0,0
A10-2013;AT311;9114,0;33000,0;0,0;0,0;0,0
A10-2013;AT312;27664,0;49600,0;0,0;0,0;0,0
A10-2013;AT313;4732,0;23100,0;0,0;0,0;0,0
A10-2013;AT314;6160,0;40500,0;0,0;0,0;0,0
A10-2013;AT315;7841,0;34000,0;0,0;0,0;0,0
A10-2013;AT321;586,0;28500,0;0,0;0,0;0,0
A10-2013;AT322;5852,0;35800,0;0,0;0,0;0,0
A10-2013;AT323;16890,0;48400,0;0,0;0,0;0,0
A10-2013;AT331;1265,0;39900,0;0,0;0,0;0,0
A10-2013;AT332;12226,0;41900,0;0,0;0,0;0,0
A10-2013;AT333;1423,0;29000,0;0,0;0,0;0,0
A10-2013;AT334;3736,0;37000,0;0,0;0,0;0,0
A10-2013;AT335;9587,0;39200,0;0,0;0,0;0,0
A10-2013;AT341;3762,0;42800,0;0,0;0,0;0,0
A10-2013;AT342;11261,0;39400,0;0,0;0,0;0,0
A10-2013;ATZZZ;130,0;0,0;0,0;0,0;0,0
A10-2013;AT11;7405,0;25800,0;59600,0;1,1;0,8
A10-2013;AT12;50434,0;31100,0;68400,0;-0,3;-0,6
A10-2013;AT13;81911,0;46700,0;81400,0;-0,4;-1,9
A10-2013;AT21;17915,0;32200,0;65800,0;-1,3;-1,3
A10-2013;AT22;41298,0;34100,0;65300,0;-2,0;-2,3
A10-2013;AT31;55511,0;39000,0;73600,0;1,1;0,8
A10-2013;AT32;23327,0;43800,0;72800,0;-2,1;-2,5
A10-2013;AT33;28236,0;39300,0;69500,0;0,7;-0,1
A10-2013;AT34;15024,0;40200,0;77700,0;2,7;2,1
A10-2013;ATZZ;130,0;0,0;81100,0;-4,7;0,0
A10-2013;AT1;139750,0;38200,0;74800,0;-0,3;-1,2
A10-2013;AT2;59213,0;33500,0;65400,0;-1,8;-2,0
A10-2013;AT3;122098,0;40100,0;72900,0;0,6;0,1
A10-2013;ATZ;130,0;0,0;81100,0;-4,7;0,0
A10-2014;AT111;853,0;22700,0;0,0;0,0;0,0
A10-2014;AT112;4425,0;28900,0;0,0;0,0;0,0
A10-2014;AT113;2370,0;24400,0;0,0;0,0;0,0
A10-2014;AT121;7153,0;29500,0;0,0;0,0;0,0
A10-2014;AT122;7421,0;29100,0;0,0;0,0;0,0
A10-2014;AT123;5890,0;39200,0;0,0;0,0;0,0
A10-2014;AT124;5813,0;26600,0;0,0;0,0;0,0
A10-2014;AT125;2465,0;20000,0;0,0;0,0;0,0
A10-2014;AT126;8732,0;27800,0;0,0;0,0;0,0
A10-2014;AT127;14567,0;44400,0;0,0;0,0;0,0
A10-2014;AT130;83468,0;46900,0;0,0;0,0;0,0
A10-2014;AT211;10936,0;39000,0;0,0;0,0;0,0
A10-2014;AT212;3251,0;25900,0;0,0;0,0;0,0
A10-2014;AT213;4466,0;29600,0;0,0;0,0;0,0
A10-2014;AT221;19019,0;45500,0;0,0;0,0;0,0
A10-2014;AT222;2603,0;33000,0;0,0;0,0;0,0
A10-2014;AT223;5896,0;36300,0;0,0;0,0;0,0
A10-2014;AT224;7356,0;27600,0;0,0;0,0;0,0
A10-2014;AT225;5084,0;26700,0;0,0;0,0;0,0
A10-2014;AT226;2788,0;27400,0;0,0;0,0;0,0
A10-2014;AT311;9609,0;34600,0;0,0;0,0;0,0
A10-2014;AT312;28034,0;49700,0;0,0;0,0;0,0
A10-2014;AT313;4863,0;23700,0;0,0;0,0;0,0
A10-2014;AT314;6327,0;41500,0;0,0;0,0;0,0
A10-2014;AT315;8260,0;35600,0;0,0;0,0;0,0
A10-2014;AT321;622,0;30300,0;0,0;0,0;0,0
A10-2014;AT322;5916,0;36100,0;0,0;0,0;0,0
A10-2014;AT323;17292,0;49100,0;0,0;0,0;0,0
A10-2014;AT331;1337,0;42200,0;0,0;0,0;0,0
A10-2014;AT332;12376,0;41800,0;0,0;0,0;0,0
A10-2014;AT333;1485,0;30300,0;0,0;0,0;0,0
A10-2014;AT334;3850,0;38100,0;0,0;0,0;0,0
A10-2014;AT335;9799,0;39700,0;0,0;0,0;0,0
A10-2014;AT341;3934,0;44600,0;0,0;0,0;0,0
A10-2014;AT342;11723,0;40600,0;0,0;0,0;0,0
A10-2014;ATZZZ;130,0;0,0;0,0;0,0;0,0
A10-2014;AT11;7648,0;26600,0;60600,0;1,9;1,6
A10-2014;AT12;52041,0;31900,0;69900,0;1,4;0,8
A10-2014;AT13;83468,0;46900,0;82100,0;-0,9;-2,4
A10-2014;AT21;18654,0;33500,0;68100,0;2,3;2,1
A10-2014;AT22;42746,0;35100,0;67000,0;1,6;1,1
A10-2014;AT31;57093,0;39900,0;74900,0;1,2;0,6
A10-2014;AT32;23830,0;44400,0;74000,0;0,1;-0,5
A10-2014;AT33;28847,0;39800,0;70200,0;0,1;-0,8
A10-2014;AT34;15657,0;41500,0;79600,0;3,2;2,4
A10-2014;ATZZ;130,0;0,0;80600,0;-1,6;0,0
A10-2014;AT1;143157,0;38700,0;75800,0;0,1;-0,9
A10-2014;AT2;61399,0;34600,0;67300,0;1,8;1,4
A10-2014;AT3;125427,0;40900,0;74100,0;1,0;0,3
A10-2014;ATZ;130,0;0,0;80600,0;-1,6;0,0
A10-2015;AT111;887,0;23600,0;0,0;0,0;0,0
A10-2015;AT112;4720,0;30600,0;0,0;0,0;0,0
A10-2015;AT113;2454,0;25300,0;0,0;0,0;0,0
A10-2015;AT121;7461,0;30700,0;0,0;0,0;0,0
A10-2015;AT122;7565,0;29500,0;0,0;0,0;0,0
A10-2015;AT123;6241,0;41200,0;0,0;0,0;0,0
A10-2015;AT124;5998,0;27500,0;0,0;0,0;0,0
A10-2015;AT125;2616,0;21100,0;0,0;0,0;0,0
A10-2015;AT126;8688,0;27300,0;0,0;0,0;0,0
A10-2015;AT127;15209,0;45900,0;0,0;0,0;0,0
A10-2015;AT130;86162,0;47500,0;0,0;0,0;0,0
A10-2015;AT211;11189,0;39600,0;0,0;0,0;0,0
A10-2015;AT212;3195,0;25500,0;0,0;0,0;0,0
A10-2015;AT213;4551,0;30200,0;0,0;0,0;0,0
A10-2015;AT221;19649,0;46300,0;0,0;0,0;0,0
A10-2015;AT222;2695,0;33900,0;0,0;0,0;0,0
A10-2015;AT223;6050,0;37500,0;0,0;0,0;0,0
A10-2015;AT224;7442,0;28100,0;0,0;0,0;0,0
A10-2015;AT225;5133,0;26600,0;0,0;0,0;0,0
A10-2015;AT226;2747,0;27100,0;0,0;0,0;0,0
A10-2015;AT311;9672,0;34500,0;0,0;0,0;0,0
A10-2015;AT312;29581,0;51800,0;0,0;0,0;0,0
A10-2015;AT313;5090,0;24700,0;0,0;0,0;0,0
A10-2015;AT314;6465,0;42100,0;0,0;0,0;0,0
A10-2015;AT315;8329,0;35600,0;0,0;0,0;0,0
A10-2015;AT321;653,0;31900,0;0,0;0,0;0,0
A10-2015;AT322;6176,0;37400,0;0,0;0,0;0,0
A10-2015;AT323;18099,0;50800,0;0,0;0,0;0,0
A10-2015;AT331;1419,0;44500,0;0,0;0,0;0,0
A10-2015;AT332;12977,0;43100,0;0,0;0,0;0,0
A10-2015;AT333;1552,0;31700,0;0,0;0,0;0,0
A10-2015;AT334;4137,0;40700,0;0,0;0,0;0,0
A10-2015;AT335;10284,0;41300,0;0,0;0,0;0,0
A10-2015;AT341;4164,0;46700,0;0,0;0,0;0,0
A10-2015;AT342;12696,0;43500,0;0,0;0,0;0,0
A10-2015;ATZZZ;136,0;0,0;0,0;0,0;0,0
A10-2015;AT11;8061,0;27900,0;63300,0;3,1;2,5
A10-2015;AT12;53779,0;32700,0;71700,0;1,1;0,4
A10-2015;AT13;86162,0;47500,0;84000,0;0,4;-1,4
A10-2015;AT21;18936,0;33900,0;69200,0;-0,2;-0,5
A10-2015;AT22;43716,0;35700,0;68300,0;0,6;0,0
A10-2015;AT31;59137,0;41000,0;76900,0;1,8;0,9
A10-2015;AT32;24928,0;46000,0;77000,0;2,4;1,5
A10-2015;AT33;30368,0;41400,0;73200,0;3,2;2,1
A10-2015;AT34;16860,0;44300,0;84800,0;2,5;1,4
A10-2015;ATZZ;136,0;0,0;81600,0;2,9;0,0
A10-2015;AT1;148001,0;39500,0;77700,0;0,8;-0,4
A10-2015;AT2;62652,0;35100,0;68600,0;0,3;-0,2
A10-2015;AT3;131294,0;42400,0;76900,0;2,3;1,4
A10-2015;ATZ;136,0;0,0;81600,0;2,9;0,0
A10-2016;AT111;930,0;24600,0;0,0;0,0;0,0
A10-2016;AT112;4845,0;31000,0;0,0;0,0;0,0
A10-2016;AT113;2546,0;26100,0;0,0;0,0;0,0
A10-2016;AT121;7854,0;32000,0;0,0;0,0;0,0
A10-2016;AT122;7711,0;29800,0;0,0;0,0;0,0
A10-2016;AT123;6498,0;42400,0;0,0;0,0;0,0
A10-2016;AT124;6250,0;28500,0;0,0;0,0;0,0
A10-2016;AT125;2788,0;22300,0;0,0;0,0;0,0
A10-2016;AT126;8867,0;27500,0;0,0;0,0;0,0
A10-2016;AT127;16068,0;47700,0;0,0;0,0;0,0
A10-2016;AT130;90445,0;48800,0;0,0;0,0;0,0
A10-2016;AT211;11407,0;40000,0;0,0;0,0;0,0
A10-2016;AT212;3293,0;26300,0;0,0;0,0;0,0
A10-2016;AT213;4641,0;30800,0;0,0;0,0;0,0
A10-2016;AT221;20719,0;48000,0;0,0;0,0;0,0
A10-2016;AT222;2838,0;35500,0;0,0;0,0;0,0
A10-2016;AT223;5933,0;36800,0;0,0;0,0;0,0
A10-2016;AT224;7757,0;29100,0;0,0;0,0;0,0
A10-2016;AT225;5414,0;27900,0;0,0;0,0;0,0
A10-2016;AT226;3042,0;30000,0;0,0;0,0;0,0
A10-2016;AT311;10128,0;35800,0;0,0;0,0;0,0
A10-2016;AT312;30038,0;51900,0;0,0;0,0;0,0
A10-2016;AT313;5340,0;25700,0;0,0;0,0;0,0
A10-2016;AT314;6784,0;43800,0;0,0;0,0;0,0
A10-2016;AT315;8803,0;37400,0;0,0;0,0;0,0
A10-2016;AT321;679,0;33100,0;0,0;0,0;0,0
A10-2016;AT322;6600,0;39600,0;0,0;0,0;0,0
A10-2016;AT323;18820,0;52200,0;0,0;0,0;0,0
A10-2016;AT331;1411,0;43800,0;0,0;0,0;0,0
A10-2016;AT332;13379,0;43600,0;0,0;0,0;0,0
A10-2016;AT333;1607,0;32800,0;0,0;0,0;0,0
A10-2016;AT334;4301,0;41900,0;0,0;0,0;0,0
A10-2016;AT335;10819,0;42900,0;0,0;0,0;0,0
A10-2016;AT341;4113,0;45500,0;0,0;0,0;0,0
A10-2016;AT342;12860,0;43400,0;0,0;0,0;0,0
A10-2016;ATZZZ;138,0;0,0;0,0;0,0;0,0
A10-2016;AT11;8321,0;28500,0;64800,0;1,1;0,3
A10-2016;AT12;56035,0;33700,0;73800,0;2,5;1,4
A10-2016;AT13;90445,0;48800,0;86500,0;2,7;0,6
A10-2016;AT21;19342,0;34500,0;70100,0;0,2;-0,2
A10-2016;AT22;45703,0;37000,0;70400,0;2,4;1,6
A10-2016;AT31;61092,0;41800,0;78400,0;1,6;0,5
A10-2016;AT32;26100,0;47700,0;79600,0;2,7;1,5
A10-2016;AT33;31517,0;42400,0;74600,0;1,8;0,4
A10-2016;AT34;16973,0;43900,0;83800,0;1,2;-0,3
A10-2016;ATZZ;138,0;0,0;81400,0;0,6;0,0
A10-2016;AT1;154800,0;40700,0;80100,0;2,6;1,0
A10-2016;AT2;65045,0;36200,0;70300,0;1,8;1,0
A10-2016;AT3;135683,0;43200,0;78300,0;1,8;0,6
A10-2016;ATZ;138,0;0,0;81400,0;0,6;0,0
A10-2017;AT111;982,0;26000,0;0,0;0,0;0,0
A10-2017;AT112;4981,0;31700,0;0,0;0,0;0,0
A10-2017;AT113;2647,0;27200,0;0,0;0,0;0,0
A10-2017;AT121;8365,0;34000,0;0,0;0,0;0,0
A10-2017;AT122;7997,0;30800,0;0,0;0,0;0,0
A10-2017;AT123;6698,0;43400,0;0,0;0,0;0,0
A10-2017;AT124;6417,0;29300,0;0,0;0,0;0,0
A10-2017;AT125;2857,0;22900,0;0,0;0,0;0,0
A10-2017;AT126;9112,0;28000,0;0,0;0,0;0,0
A10-2017;AT127;16780,0;49500,0;0,0;0,0;0,0
A10-2017;AT130;91607,0;48800,0;0,0;0,0;0,0
A10-2017;AT211;12021,0;42100,0;0,0;0,0;0,0
A10-2017;AT212;3371,0;27000,0;0,0;0,0;0,0
A10-2017;AT213;4716,0;31400,0;0,0;0,0;0,0
A10-2017;AT221;21745,0;49800,0;0,0;0,0;0,0
A10-2017;AT222;2882,0;36000,0;0,0;0,0;0,0
A10-2017;AT223;6186,0;38600,0;0,0;0,0;0,0
A10-2017;AT224;8226,0;30900,0;0,0;0,0;0,0
A10-2017;AT225;5707,0;29400,0;0,0;0,0;0,0
A10-2017;AT226;3134,0;31100,0;0,0;0,0;0,0
A10-2017;AT311;10687,0;37500,0;0,0;0,0;0,0
A10-2017;AT312;31400,0;53700,0;0,0;0,0;0,0
A10-2017;AT313;5565,0;26700,0;0,0;0,0;0,0
A10-2017;AT314;6731,0;43400,0;0,0;0,0;0,0
A10-2017;AT315;9060,0;38300,0;0,0;0,0;0,0
A10-2017;AT321;694,0;34100,0;0,0;0,0;0,0
A10-2017;AT322;6820,0;40800,0;0,0;0,0;0,0
A10-2017;AT323;19397,0;53400,0;0,0;0,0;0,0
A10-2017;AT331;1436,0;44200,0;0,0;0,0;0,0
A10-2017;AT332;13736,0;44400,0;0,0;0,0;0,0
A10-2017;AT333;1647,0;33700,0;0,0;0,0;0,0
A10-2017;AT334;4421,0;42800,0;0,0;0,0;0,0
A10-2017;AT335;11362,0;44700,0;0,0;0,0;0,0
A10-2017;AT341;4190,0;46000,0;0,0;0,0;0,0
A10-2017;AT342;13580,0;45400,0;0,0;0,0;0,0
A10-2017;ATZZZ;138,0;0,0;0,0;0,0;0,0
A10-2017;AT11;8610,0;29500,0;65600,0;2,8;2,7
A10-2017;AT12;58226,0;34900,0;75400,0;3,1;2,7
A10-2017;AT13;91607,0;48800,0;86100,0;0,0;-1,3
A10-2017;AT21;20107,0;35900,0;72100,0;3,4;3,4
A10-2017;AT22;47881,0;38700,0;72400,0;3,8;3,6
A10-2017;AT31;63442,0;43200,0;80100,0;2,8;2,2
A10-2017;AT32;26911,0;48800,0;81200,0;2,5;1,9
A10-2017;AT33;32603,0;43600,0;75700,0;2,6;1,8
A10-2017;AT34;17770,0;45500,0;86100,0;3,1;2,1
A10-2017;ATZZ;138,0;0,0;80800,0;-1,1;0,0
A10-2017;AT1;158443,0;41300,0;80500,0;1,3;0,4
A10-2017;AT2;67988,0;37800,0;72300,0;3,7;3,6
A10-2017;AT3;140726,0;44600,0;79900,0;2,7;2,0
A10-2017;ATZ;138,0;0,0;80800,0;-1,1;0,0
A10-2018;AT111;980,0;26100,0;0,0;0,0;0,0
A10-2018;AT112;5164,0;32600,0;0,0;0,0;0,0
A10-2018;AT113;2688,0;27700,0;0,0;0,0;0,0
A10-2018;AT121;8505,0;34500,0;0,0;0,0;0,0
A10-2018;AT122;8371,0;32200,0;0,0;0,0;0,0
A10-2018;AT123;6787,0;43800,0;0,0;0,0;0,0
A10-2018;AT124;6691,0;30700,0;0,0;0,0;0,0
A10-2018;AT125;2921,0;23400,0;0,0;0,0;0,0
A10-2018;AT126;9436,0;28700,0;0,0;0,0;0,0
A10-2018;AT127;17694,0;51900,0;0,0;0,0;0,0
A10-2018;AT130;95892,0;50700,0;0,0;0,0;0,0
A10-2018;AT211;12598,0;43900,0;0,0;0,0;0,0
A10-2018;AT212;3477,0;28000,0;0,0;0,0;0,0
A10-2018;AT213;4981,0;33300,0;0,0;0,0;0,0
A10-2018;AT221;22572,0;51200,0;0,0;0,0;0,0
A10-2018;AT222;2953,0;36900,0;0,0;0,0;0,0
A10-2018;AT223;6272,0;39300,0;0,0;0,0;0,0
A10-2018;AT224;8385,0;31400,0;0,0;0,0;0,0
A10-2018;AT225;5828,0;30000,0;0,0;0,0;0,0
A10-2018;AT226;3170,0;31700,0;0,0;0,0;0,0
A10-2018;AT311;11195,0;39000,0;0,0;0,0;0,0
A10-2018;AT312;33053,0;56100,0;0,0;0,0;0,0
A10-2018;AT313;5768,0;27600,0;0,0;0,0;0,0
A10-2018;AT314;6960,0;44800,0;0,0;0,0;0,0
A10-2018;AT315;9589,0;40400,0;0,0;0,0;0,0
A10-2018;AT321;757,0;37200,0;0,0;0,0;0,0
A10-2018;AT322;7157,0;42700,0;0,0;0,0;0,0
A10-2018;AT323;20070,0;54900,0;0,0;0,0;0,0
A10-2018;AT331;1517,0;46500,0;0,0;0,0;0,0
A10-2018;AT332;14362,0;46200,0;0,0;0,0;0,0
A10-2018;AT333;1701,0;34900,0;0,0;0,0;0,0
A10-2018;AT334;4709,0;45300,0;0,0;0,0;0,0
A10-2018;AT335;11755,0;45900,0;0,0;0,0;0,0
A10-2018;AT341;4382,0;47800,0;0,0;0,0;0,0
A10-2018;AT342;14753,0;48900,0;0,0;0,0;0,0
A10-2018;ATZZZ;142,0;0,0;0,0;0,0;0,0
A10-2018;AT11;8832,0;30100,0;66500,0;1,2;0,9
A10-2018;AT12;60405,0;36100,0;76900,0;2,2;1,8
A10-2018;AT13;95892,0;50700,0;88200,0;2,9;2,2
A10-2018;AT21;21056,0;37500,0;74700,0;3,2;3,2
A10-2018;AT22;49181,0;39600,0;72900,0;1,2;1,0
A10-2018;AT31;66564,0;45000,0;82600,0;3,2;2,6
A10-2018;AT32;27984,0;50500,0;83000,0;2,2;1,6
A10-2018;AT33;34044,0;45300,0;77500,0;2,9;2,3
A10-2018;AT34;19135,0;48700,0;91000,0;1,6;0,9
A10-2018;ATZZ;142,0;0,0;85900,0;1,3;0,0
A10-2018;AT1;165129,0;42800,0;82300,0;2,6;2,0
A10-2018;AT2;70237,0;39000,0;73400,0;1,8;1,6
A10-2018;AT3;147727,0;46500,0;82400,0;2,7;2,1
A10-2018;ATZ;142,0;0,0;85900,0;1,3;0,0
A10-2019;AT111;1000,0;26700,0;0,0;0,0;0,0
A10-2019;AT112;5323,0;33400,0;0,0;0,0;0,0
A10-2019;AT113;2745,0;28300,0;0,0;0,0;0,0
A10-2019;AT121;8855,0;35900,0;0,0;0,0;0,0
A10-2019;AT122;8645,0;33200,0;0,0;0,0;0,0
A10-2019;AT123;7072,0;45400,0;0,0;0,0;0,0
A10-2019;AT124;6957,0;32100,0;0,0;0,0;0,0
A10-2019;AT125;3074,0;24600,0;0,0;0,0;0,0
A10-2019;AT126;9915,0;29900,0;0,0;0,0;0,0
A10-2019;AT127;18692,0;54500,0;0,0;0,0;0,0
A10-2019;AT130;98543,0;51800,0;0,0;0,0;0,0
A10-2019;AT211;12976,0;45000,0;0,0;0,0;0,0
A10-2019;AT212;3629,0;29300,0;0,0;0,0;0,0
A10-2019;AT213;5116,0;34400,0;0,0;0,0;0,0
A10-2019;AT221;23594,0;53000,0;0,0;0,0;0,0
A10-2019;AT222;3014,0;37800,0;0,0;0,0;0,0
A10-2019;AT223;6394,0;40300,0;0,0;0,0;0,0
A10-2019;AT224;8710,0;32600,0;0,0;0,0;0,0
A10-2019;AT225;6143,0;31500,0;0,0;0,0;0,0
A10-2019;AT226;3303,0;33200,0;0,0;0,0;0,0
A10-2019;AT311;11543,0;40000,0;0,0;0,0;0,0
A10-2019;AT312;34224,0;57700,0;0,0;0,0;0,0
A10-2019;AT313;5967,0;28500,0;0,0;0,0;0,0
A10-2019;AT314;7035,0;45200,0;0,0;0,0;0,0
A10-2019;AT315;9998,0;41900,0;0,0;0,0;0,0
A10-2019;AT321;746,0;36800,0;0,0;0,0;0,0
A10-2019;AT322;7376,0;43800,0;0,0;0,0;0,0
A10-2019;AT323;20907,0;56800,0;0,0;0,0;0,0
A10-2019;AT331;1570,0;48000,0;0,0;0,0;0,0
A10-2019;AT332;14928,0;47900,0;0,0;0,0;0,0
A10-2019;AT333;1723,0;35300,0;0,0;0,0;0,0
A10-2019;AT334;4784,0;45800,0;0,0;0,0;0,0
A10-2019;AT335;12329,0;47800,0;0,0;0,0;0,0
A10-2019;AT341;4574,0;49600,0;0,0;0,0;0,0
A10-2019;AT342;14158,0;46600,0;0,0;0,0;0,0
A10-2019;ATZZZ;144,0;0,0;0,0;0,0;0,0
A10-2019;AT11;9067,0;30900,0;67500,0;0,8;0,5
A10-2019;AT12;63210,0;37600,0;79300,0;3,0;2,6
A10-2019;AT13;98543,0;51800,0;89200,0;0,8;0,2
A10-2019;AT21;21722,0;38700,0;76200,0;1,3;1,2
A10-2019;AT22;51158,0;41100,0;75000,0;2,2;1,9
A10-2019;AT31;68768,0;46300,0;84200,0;1,7;1,1
A10-2019;AT32;29028,0;52200,0;85200,0;2,1;1,6
A10-2019;AT33;35333,0;46800,0;79400,0;1,9;1,4
A10-2019;AT34;18733,0;47300,0;88200,0;2,3;1,5
A10-2019;ATZZ;144,0;0,0;82800,0;-1,5;0,0
A10-2019;AT1;170820,0;44100,0;83900,0;1,6;1,1
A10-2019;AT2;72880,0;40400,0;75300,0;1,9;1,7
A10-2019;AT3;151862,0;47500,0;83700,0;1,9;1,3
A10-2019;ATZ;144,0;0,0;82800,0;-1,5;0,0
A10-2020;AT111;975,0;26100,0;0,0;0,0;0,0
A10-2020;AT112;5159,0;32100,0;0,0;0,0;0,0
A10-2020;AT113;2639,0;27200,0;0,0;0,0;0,0
A10-2020;AT121;8408,0;34000,0;0,0;0,0;0,0
A10-2020;AT122;8319,0;31800,0;0,0;0,0;0,0
A10-2020;AT123;6979,0;44500,0;0,0;0,0;0,0
A10-2020;AT124;6851,0;31700,0;0,0;0,0;0,0
A10-2020;AT125;3061,0;24400,0;0,0;0,0;0,0
A10-2020;AT126;9621,0;28800,0;0,0;0,0;0,0
A10-2020;AT127;16072,0;46500,0;0,0;0,0;0,0
A10-2020;AT130;95759,0;50000,0;0,0;0,0;0,0
A10-2020;AT211;12757,0;44100,0;0,0;0,0;0,0
A10-2020;AT212;3574,0;28900,0;0,0;0,0;0,0
A10-2020;AT213;4847,0;32600,0;0,0;0,0;0,0
A10-2020;AT221;22692,0;50600,0;0,0;0,0;0,0
A10-2020;AT222;2887,0;36200,0;0,0;0,0;0,0
A10-2020;AT223;5690,0;36000,0;0,0;0,0;0,0
A10-2020;AT224;8513,0;32100,0;0,0;0,0;0,0
A10-2020;AT225;6032,0;30600,0;0,0;0,0;0,0
A10-2020;AT226;3177,0;32100,0;0,0;0,0;0,0
A10-2020;AT311;11125,0;38300,0;0,0;0,0;0,0
A10-2020;AT312;33323,0;55800,0;0,0;0,0;0,0
A10-2020;AT313;5894,0;28000,0;0,0;0,0;0,0
A10-2020;AT314;6777,0;43500,0;0,0;0,0;0,0
A10-2020;AT315;9414,0;39300,0;0,0;0,0;0,0
A10-2020;AT321;684,0;33900,0;0,0;0,0;0,0
A10-2020;AT322;6943,0;41000,0;0,0;0,0;0,0
A10-2020;AT323;20453,0;55200,0;0,0;0,0;0,0
A10-2020;AT331;1449,0;44000,0;0,0;0,0;0,0
A10-2020;AT332;14178,0;45300,0;0,0;0,0;0,0
A10-2020;AT333;1710,0;35000,0;0,0;0,0;0,0
A10-2020;AT334;4183,0;39900,0;0,0;0,0;0,0
A10-2020;AT335;11841,0;45600,0;0,0;0,0;0,0
A10-2020;AT341;4331,0;46800,0;0,0;0,0;0,0
A10-2020;AT342;13858,0;45300,0;0,0;0,0;0,0
A10-2020;ATZZZ;142,0;0,0;0,0;0,0;0,0
A10-2020;AT11;8774,0;29700,0;66100,0;-5,9;-6,3
A10-2020;AT12;59311,0;35100,0;75700,0;-7,7;-8,1
A10-2020;AT13;95759,0;50000,0;88100,0;-5,8;-6,4
A10-2020;AT21;21178,0;37700,0;76300,0;-5,0;-5,1
A10-2020;AT22;48992,0;39300,0;73100,0;-7,1;-7,3
A10-2020;AT31;66532,0;44600,0;82400,0;-5,1;-5,6
A10-2020;AT32;28080,0;50200,0;85000,0;-5,4;-5,9
A10-2020;AT33;33361,0;44000,0;77700,0;-8,6;-9,0
A10-2020;AT34;18189,0;45600,0;87400,0;-5,5;-6,1
A10-2020;ATZZ;142,0;0,0;96300,0;-3,1;0,0
A10-2020;AT1;163844,0;42000,0;81800,0;-6,5;-7,0
A10-2020;AT2;70170,0;38800,0;74100,0;-6,5;-6,7
A10-2020;AT3;146161,0;45500,0;82300,0;-6,0;-6,5
A10-2020;ATZ;142,0;0,0;96300,0;-3,1;0,0
A10-2021;AT111;1045,0;27900,0;0,0;0,0;0,0
A10-2021;AT112;5556,0;34300,0;0,0;0,0;0,0
A10-2021;AT113;2821,0;29100,0;0,0;0,0;0,0
A10-2021;AT121;8894,0;35900,0;0,0;0,0;0,0
A10-2021;AT122;8612,0;32800,0;0,0;0,0;0,0
A10-2021;AT123;7304,0;46400,0;0,0;0,0;0,0
A10-2021;AT124;7311,0;33900,0;0,0;0,0;0,0
A10-2021;AT125;3329,0;26400,0;0,0;0,0;0,0
A10-2021;AT126;10592,0;31400,0;0,0;0,0;0,0
A10-2021;AT127;17398,0;50000,0;0,0;0,0;0,0
A10-2021;AT130;103537,0;53800,0;0,0;0,0;0,0
A10-2021;AT211;13654,0;46800,0;0,0;0,0;0,0
A10-2021;AT212;3685,0;29900,0;0,0;0,0;0,0
A10-2021;AT213;5230,0;35300,0;0,0;0,0;0,0
A10-2021;AT221;24303,0;53900,0;0,0;0,0;0,0
A10-2021;AT222;2941,0;36900,0;0,0;0,0;0,0
A10-2021;AT223;6081,0;38700,0;0,0;0,0;0,0
A10-2021;AT224;9006,0;33900,0;0,0;0,0;0,0
A10-2021;AT225;6485,0;32800,0;0,0;0,0;0,0
A10-2021;AT226;3309,0;33500,0;0,0;0,0;0,0
A10-2021;AT311;12084,0;41400,0;0,0;0,0;0,0
A10-2021;AT312;35549,0;59300,0;0,0;0,0;0,0
A10-2021;AT313;6480,0;30700,0;0,0;0,0;0,0
A10-2021;AT314;7172,0;45900,0;0,0;0,0;0,0
A10-2021;AT315;9823,0;40800,0;0,0;0,0;0,0
A10-2021;AT321;657,0;32600,0;0,0;0,0;0,0
A10-2021;AT322;6405,0;37700,0;0,0;0,0;0,0
A10-2021;AT323;22378,0;60200,0;0,0;0,0;0,0
A10-2021;AT331;1436,0;43300,0;0,0;0,0;0,0
A10-2021;AT332;14981,0;47900,0;0,0;0,0;0,0
A10-2021;AT333;1834,0;37600,0;0,0;0,0;0,0
A10-2021;AT334;3603,0;34100,0;0,0;0,0;0,0
A10-2021;AT335;12023,0;46000,0;0,0;0,0;0,0
A10-2021;AT341;4307,0;46300,0;0,0;0,0;0,0
A10-2021;AT342;16261,0;52900,0;0,0;0,0;0,0
A10-2021;ATZZZ;146,0;0,0;0,0;0,0;0,0
A10-2021;AT11;9422,0;31800,0;68600,0;5,5;5,0
A10-2021;AT12;63440,0;37400,0;78600,0;4,7;4,2
A10-2021;AT13;103537,0;53800,0;92800,0;5,7;5,2
A10-2021;AT21;22569,0;40100,0;79300,0;5,5;5,2
A10-2021;AT22;52125,0;41700,0;75600,0;5,3;5,1
A10-2021;AT31;71108,0;47400,0;85700,0;6,7;6,2
A10-2021;AT32;29440,0;52400,0;88300,0;3,7;3,3
A10-2021;AT33;33877,0;44500,0;78400,0;-0,6;-0,9
A10-2021;AT34;20568,0;51400,0;97400,0;5,5;5,0
A10-2021;ATZZ;146,0;0,0;100300,0;1,9;0,0
A10-2021;AT1;176399,0;45100,0;85600,0;5,3;4,8
A10-2021;AT2;74694,0;41200,0;76700,0;5,3;5,1
A10-2021;AT3;154993,0;48100,0;85800,0;4,3;3,9
A10-2021;ATZ;146,0;0,0;100300,0;1,9;0,0
A10-2022;AT111;1136,0;30200,0;0,0;0,0;0,0
A10-2022;AT112;6184,0;37600,0;0,0;0,0;0,0
A10-2022;AT113;3029,0;30900,0;0,0;0,0;0,0
A10-2022;AT121;9676,0;38800,0;0,0;0,0;0,0
A10-2022;AT122;9355,0;35200,0;0,0;0,0;0,0
A10-2022;AT123;7859,0;49200,0;0,0;0,0;0,0
A10-2022;AT124;7869,0;36400,0;0,0;0,0;0,0
A10-2022;AT125;3615,0;28400,0;0,0;0,0;0,0
A10-2022;AT126;12308,0;36100,0;0,0;0,0;0,0
A10-2022;AT127;19029,0;54000,0;0,0;0,0;0,0
A10-2022;AT130;110822,0;56500,0;0,0;0,0;0,0
A10-2022;AT211;15123,0;51300,0;0,0;0,0;0,0
A10-2022;AT212;4419,0;35700,0;0,0;0,0;0,0
A10-2022;AT213;6043,0;40700,0;0,0;0,0;0,0
A10-2022;AT221;26289,0;57500,0;0,0;0,0;0,0
A10-2022;AT222;3427,0;43000,0;0,0;0,0;0,0
A10-2022;AT223;7112,0;45000,0;0,0;0,0;0,0
A10-2022;AT224;9871,0;37000,0;0,0;0,0;0,0
A10-2022;AT225;7049,0;35400,0;0,0;0,0;0,0
A10-2022;AT226;3814,0;38600,0;0,0;0,0;0,0
A10-2022;AT311;13310,0;45100,0;0,0;0,0;0,0
A10-2022;AT312;38711,0;63800,0;0,0;0,0;0,0
A10-2022;AT313;7120,0;33400,0;0,0;0,0;0,0
A10-2022;AT314;7535,0;47800,0;0,0;0,0;0,0
A10-2022;AT315;10686,0;43900,0;0,0;0,0;0,0
A10-2022;AT321;823,0;40400,0;0,0;0,0;0,0
A10-2022;AT322;8640,0;50400,0;0,0;0,0;0,0
A10-2022;AT323;24858,0;66400,0;0,0;0,0;0,0
A10-2022;AT331;1808,0;54000,0;0,0;0,0;0,0
A10-2022;AT332;16374,0;52000,0;0,0;0,0;0,0
A10-2022;AT333;1954,0;40000,0;0,0;0,0;0,0
A10-2022;AT334;5453,0;51100,0;0,0;0,0;0,0
A10-2022;AT335;13992,0;53000,0;0,0;0,0;0,0
A10-2022;AT341;5555,0;59200,0;0,0;0,0;0,0
A10-2022;AT342;18381,0;59200,0;0,0;0,0;0,0
A10-2022;ATZZZ;153,0;0,0;0,0;0,0;0,0
A10-2022;AT11;10348,0;34500,0;73800,0;4,1;3,0
A10-2022;AT12;69712,0;40700,0;84600,0;2,6;1,6
A10-2022;AT13;110822,0;56500,0;96100,0;3,7;1,7
A10-2022;AT21;25585,0;45100,0;87700,0;6,9;6,1
A10-2022;AT22;57562,0;45700,0;81700,0;4,8;3,9
A10-2022;AT31;77363,0;51000,0;91200,0;4,1;3,0
A10-2022;AT32;34321,0;60700,0;98600,0;11,8;10,9
A10-2022;AT33;39581,0;51600,0;87400,0;11,8;10,9
A10-2022;AT34;23936,0;59200,0;109900,0;6,5;5,5
A10-2022;ATZZ;153,0;0,0;106400,0;1,4;0,0
A10-2022;AT1;190882,0;48100,0;90200,0;3,3;1,9
A10-2022;AT2;83146,0;45500,0;83500,0;5,5;4,6
A10-2022;AT3;175201,0;53800,0;93800,0;7,6;6,6
A10-2022;ATZ;153,0;0,0;106400,0;1,4;0,0
A10-2023;AT111;1220,0;32300,0;0,0;0,0;0,0
A10-2023;AT112;6823,0;41300,0;0,0;0,0;0,0
A10-2023;AT113;3257,0;33100,0;0,0;0,0;0,0
A10-2023;AT121;10170,0;40600,0;0,0;0,0;0,0
A10-2023;AT122;10050,0;37600,0;0,0;0,0;0,0
A10-2023;AT123;8438,0;52400,0;0,0;0,0;0,0
A10-2023;AT124;8584,0;39700,0;0,0;0,0;0,0
A10-2023;AT125;4089,0;32100,0;0,0;0,0;0,0
A10-2023;AT126;12730,0;37000,0;0,0;0,0;0,0
A10-2023;AT127;20385,0;57500,0;0,0;0,0;0,0
A10-2023;AT130;119963,0;60200,0;0,0;0,0;0,0
A10-2023;AT211;16746,0;56400,0;0,0;0,0;0,0
A10-2023;AT212;5004,0;40400,0;0,0;0,0;0,0
A10-2023;AT213;6529,0;44000,0;0,0;0,0;0,0
A10-2023;AT221;27719,0;59800,0;0,0;0,0;0,0
A10-2023;AT222;3689,0;46300,0;0,0;0,0;0,0
A10-2023;AT223;7564,0;48000,0;0,0;0,0;0,0
A10-2023;AT224;10434,0;39000,0;0,0;0,0;0,0
A10-2023;AT225;7670,0;38400,0;0,0;0,0;0,0
A10-2023;AT226;4094,0;41400,0;0,0;0,0;0,0
A10-2023;AT311;13887,0;46600,0;0,0;0,0;0,0
A10-2023;AT312;40652,0;66400,0;0,0;0,0;0,0
A10-2023;AT313;7703,0;35900,0;0,0;0,0;0,0
A10-2023;AT314;8059,0;50900,0;0,0;0,0;0,0
A10-2023;AT315;10990,0;45000,0;0,0;0,0;0,0
A10-2023;AT321;922,0;45100,0;0,0;0,0;0,0
A10-2023;AT322;9771,0;56500,0;0,0;0,0;0,0
A10-2023;AT323;25464,0;67600,0;0,0;0,0;0,0
A10-2023;AT331;1932,0;57300,0;0,0;0,0;0,0
A10-2023;AT332;17694,0;55800,0;0,0;0,0;0,0
A10-2023;AT333;2116,0;43300,0;0,0;0,0;0,0
A10-2023;AT334;6002,0;55800,0;0,0;0,0;0,0
A10-2023;AT335;14970,0;56200,0;0,0;0,0;0,0
A10-2023;AT341;6134,0;64800,0;0,0;0,0;0,0
A10-2023;AT342;16220,0;51700,0;0,0;0,0;0,0
A10-2023;ATZZZ;161,0;0,0;0,0;0,0;0,0
A10-2023;AT11;11301,0;37500,0;80200,0;1,0;0,5
A10-2023;AT12;74446,0;43300,0;90100,0;0,0;-0,5
A10-2023;AT13;119963,0;60200,0;102300,0;2,2;0,5
A10-2023;AT21;28280,0;49700,0;96500,0;1,1;0,7
A10-2023;AT22;61170,0;48300,0;86400,0;-1,2;-1,8
A10-2023;AT31;81291,0;53200,0;95300,0;-2,3;-3,0
A10-2023;AT32;36156,0;63400,0;102600,0;-1,9;-2,6
A10-2023;AT33;42714,0;55200,0;93400,0;0,6;-0,1
A10-2023;AT34;22355,0;54700,0;102300,0;-14,4;-15,2
A10-2023;ATZZ;161,0;0,0;109700,0;-0,1;0,0
A10-2023;AT1;205709,0;51200,0;96100,0;1,3;0,2
A10-2023;AT2;89450,0;48700,0;89400,0;-0,5;-1,0
A10-2023;AT3;182516,0;55700,0;97000,0;-3,2;-4,0
A10-2023;ATZ;161,0;0,0;109700,0;-0,1;0,0
A10-2024;AT11;11763,0;39000,0;83100,0;-0,4;-0,5
A10-2024;AT12;76878,0;44500,0;92600,0;-1,0;-1,3
A10-2024;AT13;124867,0;61900,0;104900,0;0,9;-0,3
A10-2024;AT21;28270,0;49600,0;96300,0;-3,6;-3,7
A10-2024;AT22;63924,0;50300,0;90200,0;0,1;-0,2
A10-2024;AT31;82538,0;53800,0;96600,0;-2,7;-3,1
A10-2024;AT32;37663,0;65800,0;105800,0;-0,5;-0,8
A10-2024;AT33;44805,0;57700,0;97200,0;0,1;-0,3
A10-2024;AT34;23214,0;56500,0;105900,0;-0,7;-1,3
A10-2024;ATZZ;165,0;0,0;111800,0;-4,7;0,0
A10-2024;AT1;213508,0;52800,0;98800,0;0,1;-0,6
A10-2024;AT2;92194,0;50100,0;91900,0;-1,1;-1,3
A10-2024;AT3;188220,0;57200,0;99600,0;-1,4;-1,8
A10-2024;ATZ;165,0;0,0;111800,0;-4,7;0,0
